{"mean": [269.58194444204366, 332.881310623798, 304.5109375026077, 160.95170873597203, 4862.324999999255, 0.0, 9.0], "std": [15.866304792152235, 29.944367852169204, 28.6523732631925, 25.314063487833412, 256.27817772212893, 1.0, 1.0], "threshold": 12.0}
